<?xml version="1.0" encoding="UTF-8"?>
<beans xmlns="http://www.springframework.org/schema/beans"
	xmlns:xsi="http://www.w3.org/2001/XMLSchema-instance" xmlns:p="http://www.springframework.org/schema/p" xmlns:aop="http://www.springframework.org/schema/aop"
	xmlns:context="http://www.springframework.org/schema/context" xmlns:tx="http://www.springframework.org/schema/tx"
	xsi:schemaLocation="http://www.springframework.org/schema/beans http://www.springframework.org/schema/beans/spring-beans-3.0.xsd
http://www.springframework.org/schema/aop http://www.springframework.org/schema/aop/spring-aop-3.0.xsd
http://www.springframework.org/schema/context http://www.springframework.org/schema/context/spring-context-3.0.xsd
http://www.springframework.org/schema/tx http://www.springframework.org/schema/tx/spring-tx-3.0.xsd">
	<context:component-scan base-package="com.java.application.jobsearch"></context:component-scan>
	<context:annotation-config />
	<tx:annotation-driven transaction-manager="transactionManager" />
	<bean id="dataSource" class="org.apache.commons.dbcp.BasicDataSource">
		<property name="driverClassName" value="${jdbc.driverClassName}" />
		<property name="url" value="${jdbc.databaseurl}" />
		<property name="username" value="${jdbc.username}" />
		<property name="password" value="${jdbc.password}" />
		<property name="initialSize" value="2" />
		<property name="maxActive" value="5" />
	</bean>
	<bean id="propertyConfigurer"
		class="org.springframework.beans.factory.config.PropertyPlaceholderConfigurer"
		p:location="jdbc.properties" />
	<!-- <bean id="transactionManager"
		class="org.springframework.orm.jpa.JpaTransactionManager">
		<property name="entityManagerFactory" ref="entityManagerFactory" />
	</bean> -->
	<bean id="transactionManager"
		class="org.springframework.orm.hibernate4.HibernateTransactionManager">
		<property name="sessionFactory" ref="sessionFactory" />
	</bean>
	<bean id="sessionFactory"
		class="org.springframework.orm.hibernate4.LocalSessionFactoryBean">
		<property name="dataSource" ref="dataSource" />
		<property name="packagesToScan" value="com.java.application.jobsearch.dto" />
		<property name="hibernateProperties">
			<props>
				<prop key="hibernate.dialect">org.hibernate.dialect.MySQLDialect</prop>
				<prop key="hibernate.show_sql">true</prop>
				<!-- <prop key="hibernate.hbm2ddl.auto">create</prop> -->
			</props>
		</property>
		<property name="annotatedClasses">
			<list>
				<value>com.java.application.jobsearch.dto.StudentDetails</value>
				<value>com.java.application.jobsearch.dto.EmployerDetails</value>
				<value>com.java.application.jobsearch.dto.JobDetails</value>
			</list>
		</property>
	</bean>
	<bean id="studentjobAppServiceImpl" class="com.java.application.jobsearch.service.StudentJobApplicationServiceImpl">
		<property name="genericDAOService" ref="genericDAOService"></property>
	</bean>
	<bean id="employerServiceImpl" class="com.java.application.jobsearch.service.EmployerServiceImpl">
		<property name="genericDAOService" ref="genericDAOService"></property>
	</bean>
	<bean id="jobServiceImpl" class="com.java.application.jobsearch.service.JobServiceImpl">
		<property name="genericDAOService" ref="genericDAOService"></property>
	</bean>
</beans>